Metric,Noise Type,Seed,Value,Brightness,Gaussian Level
Mean Precision,Poisson-Gaussian,0,0.663869301,1.0,0.0
Mean Recall,Poisson-Gaussian,0,0.5269839312,1.0,0.0
mAP@0.50,Poisson-Gaussian,0,0.5682071662,1.0,0.0
mAP@0.75,Poisson-Gaussian,0,0.4242812757,1.0,0.0
mAP@0.5:0.95,Poisson-Gaussian,0,0.3991250608,1.0,0.0
Mean Precision,Poisson-Gaussian,0,0.6396947252,0.8,2.5
Mean Precision,Poisson-Gaussian,1,0.6494065669,0.8,2.5
Mean Precision,Poisson-Gaussian,2,0.653930578,0.8,2.5
Mean Precision,Poisson-Gaussian,3,0.653507582,0.8,2.5
Mean Precision,Poisson-Gaussian,4,0.6535364339,0.8,2.5
Mean Precision,Poisson-Gaussian,0,0.6485657352,0.8,5.0
Mean Precision,Poisson-Gaussian,1,0.6395766686,0.8,5.0
Mean Precision,Poisson-Gaussian,2,0.6379132768,0.8,5.0
Mean Precision,Poisson-Gaussian,3,0.6528961722,0.8,5.0
Mean Precision,Poisson-Gaussian,4,0.6579196215,0.8,5.0
Mean Precision,Poisson-Gaussian,0,0.6319255328,0.8,10.0
Mean Precision,Poisson-Gaussian,1,0.6340896416,0.8,10.0
Mean Precision,Poisson-Gaussian,2,0.6204827804,0.8,10.0
Mean Precision,Poisson-Gaussian,3,0.6343657316,0.8,10.0
Mean Precision,Poisson-Gaussian,4,0.6325559871,0.8,10.0
Mean Precision,Poisson-Gaussian,0,0.6063634981,0.8,15.0
Mean Precision,Poisson-Gaussian,1,0.6271598426,0.8,15.0
Mean Precision,Poisson-Gaussian,2,0.6076223961,0.8,15.0
Mean Precision,Poisson-Gaussian,3,0.6156597649,0.8,15.0
Mean Precision,Poisson-Gaussian,4,0.5985809703,0.8,15.0
Mean Precision,Poisson-Gaussian,0,0.5623334262,0.8,22.5
Mean Precision,Poisson-Gaussian,1,0.563479328,0.8,22.5
Mean Precision,Poisson-Gaussian,2,0.5508919372,0.8,22.5
Mean Precision,Poisson-Gaussian,3,0.5639808006,0.8,22.5
Mean Precision,Poisson-Gaussian,4,0.5614799303,0.8,22.5
Mean Precision,Poisson-Gaussian,0,0.6502508929,0.6,2.5
Mean Precision,Poisson-Gaussian,1,0.6348728755,0.6,2.5
Mean Precision,Poisson-Gaussian,2,0.6415637273,0.6,2.5
Mean Precision,Poisson-Gaussian,3,0.6416787496,0.6,2.5
Mean Precision,Poisson-Gaussian,4,0.6480976342,0.6,2.5
Mean Precision,Poisson-Gaussian,0,0.6344938303,0.6,5.0
Mean Precision,Poisson-Gaussian,1,0.636581328,0.6,5.0
Mean Precision,Poisson-Gaussian,2,0.6345146941,0.6,5.0
Mean Precision,Poisson-Gaussian,3,0.6351075813,0.6,5.0
Mean Precision,Poisson-Gaussian,4,0.6245936844,0.6,5.0
Mean Precision,Poisson-Gaussian,0,0.6143386623,0.6,10.0
Mean Precision,Poisson-Gaussian,1,0.6251733219,0.6,10.0
Mean Precision,Poisson-Gaussian,2,0.6101767419,0.6,10.0
Mean Precision,Poisson-Gaussian,3,0.6198686075,0.6,10.0
Mean Precision,Poisson-Gaussian,4,0.6205515703,0.6,10.0
Mean Precision,Poisson-Gaussian,0,0.5703266436,0.6,15.0
Mean Precision,Poisson-Gaussian,1,0.5847797638,0.6,15.0
Mean Precision,Poisson-Gaussian,2,0.5856694377,0.6,15.0
Mean Precision,Poisson-Gaussian,3,0.5650345077,0.6,15.0
Mean Precision,Poisson-Gaussian,4,0.563559466,0.6,15.0
Mean Precision,Poisson-Gaussian,0,0.5127180812,0.6,22.5
Mean Precision,Poisson-Gaussian,1,0.5101583416,0.6,22.5
Mean Precision,Poisson-Gaussian,2,0.5247393117,0.6,22.5
Mean Precision,Poisson-Gaussian,3,0.5108586732,0.6,22.5
Mean Precision,Poisson-Gaussian,4,0.5280810041,0.6,22.5
Mean Precision,Poisson-Gaussian,0,0.6348235243,0.4,2.5
Mean Precision,Poisson-Gaussian,1,0.6332621708,0.4,2.5
Mean Precision,Poisson-Gaussian,2,0.6319368541,0.4,2.5
Mean Precision,Poisson-Gaussian,3,0.6496377086,0.4,2.5
Mean Precision,Poisson-Gaussian,4,0.6293763664,0.4,2.5
Mean Precision,Poisson-Gaussian,0,0.6121726148,0.4,5.0
Mean Precision,Poisson-Gaussian,1,0.608543532,0.4,5.0
Mean Precision,Poisson-Gaussian,2,0.6059840572,0.4,5.0
Mean Precision,Poisson-Gaussian,3,0.6130114063,0.4,5.0
Mean Precision,Poisson-Gaussian,4,0.6318360658,0.4,5.0
Mean Precision,Poisson-Gaussian,0,0.5750173507,0.4,10.0
Mean Precision,Poisson-Gaussian,1,0.5774829957,0.4,10.0
Mean Precision,Poisson-Gaussian,2,0.586877931,0.4,10.0
Mean Precision,Poisson-Gaussian,3,0.5795816865,0.4,10.0
Mean Precision,Poisson-Gaussian,4,0.5743947994,0.4,10.0
Mean Precision,Poisson-Gaussian,0,0.5175436215,0.4,15.0
Mean Precision,Poisson-Gaussian,1,0.5247548803,0.4,15.0
Mean Precision,Poisson-Gaussian,2,0.5042154625,0.4,15.0
Mean Precision,Poisson-Gaussian,3,0.5103229779,0.4,15.0
Mean Precision,Poisson-Gaussian,4,0.5222141163,0.4,15.0
Mean Precision,Poisson-Gaussian,0,0.4112681603,0.4,22.5
Mean Precision,Poisson-Gaussian,1,0.4200783983,0.4,22.5
Mean Precision,Poisson-Gaussian,2,0.4240698069,0.4,22.5
Mean Precision,Poisson-Gaussian,3,0.414789463,0.4,22.5
Mean Precision,Poisson-Gaussian,4,0.4164924399,0.4,22.5
Mean Precision,Poisson-Gaussian,0,0.5944274503,0.2,2.5
Mean Precision,Poisson-Gaussian,1,0.5947884176,0.2,2.5
Mean Precision,Poisson-Gaussian,2,0.5949676474,0.2,2.5
Mean Precision,Poisson-Gaussian,3,0.583815788,0.2,2.5
Mean Precision,Poisson-Gaussian,4,0.5785396067,0.2,2.5
Mean Precision,Poisson-Gaussian,0,0.560230368,0.2,5.0
Mean Precision,Poisson-Gaussian,1,0.5576090801,0.2,5.0
Mean Precision,Poisson-Gaussian,2,0.5616048583,0.2,5.0
Mean Precision,Poisson-Gaussian,3,0.5529610891,0.2,5.0
Mean Precision,Poisson-Gaussian,4,0.5558483059,0.2,5.0
Mean Precision,Poisson-Gaussian,0,0.4607400541,0.2,10.0
Mean Precision,Poisson-Gaussian,1,0.4546372779,0.2,10.0
Mean Precision,Poisson-Gaussian,2,0.4577269388,0.2,10.0
Mean Precision,Poisson-Gaussian,3,0.4386694996,0.2,10.0
Mean Precision,Poisson-Gaussian,4,0.4447592261,0.2,10.0
Mean Precision,Poisson-Gaussian,0,0.3557266163,0.2,15.0
Mean Precision,Poisson-Gaussian,1,0.3552447532,0.2,15.0
Mean Precision,Poisson-Gaussian,2,0.3597833459,0.2,15.0
Mean Precision,Poisson-Gaussian,3,0.3568773901,0.2,15.0
Mean Precision,Poisson-Gaussian,4,0.3518485502,0.2,15.0
Mean Precision,Poisson-Gaussian,0,0.0359116586,0.2,22.5
Mean Precision,Poisson-Gaussian,1,0.0335973841,0.2,22.5
Mean Precision,Poisson-Gaussian,2,0.0344259885,0.2,22.5
Mean Precision,Poisson-Gaussian,3,0.033825287,0.2,22.5
Mean Precision,Poisson-Gaussian,4,0.0351563033,0.2,22.5
Mean Precision,Poisson-Gaussian,0,0.474987297,0.1,2.5
Mean Precision,Poisson-Gaussian,1,0.4882668383,0.1,2.5
Mean Precision,Poisson-Gaussian,2,0.4910186882,0.1,2.5
Mean Precision,Poisson-Gaussian,3,0.4931215168,0.1,2.5
Mean Precision,Poisson-Gaussian,4,0.4815840696,0.1,2.5
Mean Precision,Poisson-Gaussian,0,0.4238505069,0.1,5.0
Mean Precision,Poisson-Gaussian,1,0.421175168,0.1,5.0
Mean Precision,Poisson-Gaussian,2,0.4146000938,0.1,5.0
Mean Precision,Poisson-Gaussian,3,0.4149921159,0.1,5.0
Mean Precision,Poisson-Gaussian,4,0.4323381545,0.1,5.0
Mean Precision,Poisson-Gaussian,0,0.0425691309,0.1,10.0
Mean Precision,Poisson-Gaussian,1,0.040431874,0.1,10.0
Mean Precision,Poisson-Gaussian,2,0.0432068471,0.1,10.0
Mean Precision,Poisson-Gaussian,3,0.0396296315,0.1,10.0
Mean Precision,Poisson-Gaussian,4,0.0410818355,0.1,10.0
Mean Precision,Poisson-Gaussian,0,0.0292769665,0.1,15.0
Mean Precision,Poisson-Gaussian,1,0.0304342114,0.1,15.0
Mean Precision,Poisson-Gaussian,2,0.029919224,0.1,15.0
Mean Precision,Poisson-Gaussian,3,0.0329987348,0.1,15.0
Mean Precision,Poisson-Gaussian,4,0.0312747746,0.1,15.0
Mean Precision,Poisson-Gaussian,0,0.0142514372,0.1,22.5
Mean Precision,Poisson-Gaussian,1,0.0119105643,0.1,22.5
Mean Precision,Poisson-Gaussian,2,0.0151704745,0.1,22.5
Mean Precision,Poisson-Gaussian,3,0.0111913153,0.1,22.5
Mean Precision,Poisson-Gaussian,4,0.0099036029,0.1,22.5
Mean Recall,Poisson-Gaussian,0,0.4845470292,0.8,2.5
Mean Recall,Poisson-Gaussian,1,0.480844951,0.8,2.5
Mean Recall,Poisson-Gaussian,2,0.4819490383,0.8,2.5
Mean Recall,Poisson-Gaussian,3,0.4835805491,0.8,2.5
Mean Recall,Poisson-Gaussian,4,0.4763394502,0.8,2.5
Mean Recall,Poisson-Gaussian,0,0.4716563913,0.8,5.0
Mean Recall,Poisson-Gaussian,1,0.4811780674,0.8,5.0
Mean Recall,Poisson-Gaussian,2,0.4784343789,0.8,5.0
Mean Recall,Poisson-Gaussian,3,0.4748260659,0.8,5.0
Mean Recall,Poisson-Gaussian,4,0.4719581954,0.8,5.0
Mean Recall,Poisson-Gaussian,0,0.453502466,0.8,10.0
Mean Recall,Poisson-Gaussian,1,0.4517490989,0.8,10.0
Mean Recall,Poisson-Gaussian,2,0.4534588517,0.8,10.0
Mean Recall,Poisson-Gaussian,3,0.4529904789,0.8,10.0
Mean Recall,Poisson-Gaussian,4,0.4526182558,0.8,10.0
Mean Recall,Poisson-Gaussian,0,0.4183724241,0.8,15.0
Mean Recall,Poisson-Gaussian,1,0.4137530472,0.8,15.0
Mean Recall,Poisson-Gaussian,2,0.4249378067,0.8,15.0
Mean Recall,Poisson-Gaussian,3,0.4179242766,0.8,15.0
Mean Recall,Poisson-Gaussian,4,0.4245243737,0.8,15.0
Mean Recall,Poisson-Gaussian,0,0.3602486418,0.8,22.5
Mean Recall,Poisson-Gaussian,1,0.3589711477,0.8,22.5
Mean Recall,Poisson-Gaussian,2,0.3653708957,0.8,22.5
Mean Recall,Poisson-Gaussian,3,0.357770055,0.8,22.5
Mean Recall,Poisson-Gaussian,4,0.3637655502,0.8,22.5
Mean Recall,Poisson-Gaussian,0,0.4694641381,0.6,2.5
Mean Recall,Poisson-Gaussian,1,0.4753949252,0.6,2.5
Mean Recall,Poisson-Gaussian,2,0.4729174923,0.6,2.5
Mean Recall,Poisson-Gaussian,3,0.4728209254,0.6,2.5
Mean Recall,Poisson-Gaussian,4,0.4726124651,0.6,2.5
Mean Recall,Poisson-Gaussian,0,0.4648082133,0.6,5.0
Mean Recall,Poisson-Gaussian,1,0.4609734354,0.6,5.0
Mean Recall,Poisson-Gaussian,2,0.4619583966,0.6,5.0
Mean Recall,Poisson-Gaussian,3,0.4599417314,0.6,5.0
Mean Recall,Poisson-Gaussian,4,0.4639888478,0.6,5.0
Mean Recall,Poisson-Gaussian,0,0.4291380999,0.6,10.0
Mean Recall,Poisson-Gaussian,1,0.4280368735,0.6,10.0
Mean Recall,Poisson-Gaussian,2,0.429096122,0.6,10.0
Mean Recall,Poisson-Gaussian,3,0.4271906072,0.6,10.0
Mean Recall,Poisson-Gaussian,4,0.4269311502,0.6,10.0
Mean Recall,Poisson-Gaussian,0,0.382831476,0.6,15.0
Mean Recall,Poisson-Gaussian,1,0.3811256255,0.6,15.0
Mean Recall,Poisson-Gaussian,2,0.3779503751,0.6,15.0
Mean Recall,Poisson-Gaussian,3,0.3838575725,0.6,15.0
Mean Recall,Poisson-Gaussian,4,0.3863190699,0.6,15.0
Mean Recall,Poisson-Gaussian,0,0.3037720857,0.6,22.5
Mean Recall,Poisson-Gaussian,1,0.3044994777,0.6,22.5
Mean Recall,Poisson-Gaussian,2,0.2979062736,0.6,22.5
Mean Recall,Poisson-Gaussian,3,0.3028352655,0.6,22.5
Mean Recall,Poisson-Gaussian,4,0.3001469602,0.6,22.5
Mean Recall,Poisson-Gaussian,0,0.4541546127,0.4,2.5
Mean Recall,Poisson-Gaussian,1,0.4538981183,0.4,2.5
Mean Recall,Poisson-Gaussian,2,0.4514311727,0.4,2.5
Mean Recall,Poisson-Gaussian,3,0.4486806176,0.4,2.5
Mean Recall,Poisson-Gaussian,4,0.4517224096,0.4,2.5
Mean Recall,Poisson-Gaussian,0,0.4357372827,0.4,5.0
Mean Recall,Poisson-Gaussian,1,0.4382639002,0.4,5.0
Mean Recall,Poisson-Gaussian,2,0.4363354514,0.4,5.0
Mean Recall,Poisson-Gaussian,3,0.4341006746,0.4,5.0
Mean Recall,Poisson-Gaussian,4,0.4320838882,0.4,5.0
Mean Recall,Poisson-Gaussian,0,0.3698922442,0.4,10.0
Mean Recall,Poisson-Gaussian,1,0.3780835881,0.4,10.0
Mean Recall,Poisson-Gaussian,2,0.3757294535,0.4,10.0
Mean Recall,Poisson-Gaussian,3,0.3797442417,0.4,10.0
Mean Recall,Poisson-Gaussian,4,0.3797090446,0.4,10.0
Mean Recall,Poisson-Gaussian,0,0.3025930543,0.4,15.0
Mean Recall,Poisson-Gaussian,1,0.2992938628,0.4,15.0
Mean Recall,Poisson-Gaussian,2,0.304901586,0.4,15.0
Mean Recall,Poisson-Gaussian,3,0.3027704391,0.4,15.0
Mean Recall,Poisson-Gaussian,4,0.2999186947,0.4,15.0
Mean Recall,Poisson-Gaussian,0,0.1905447089,0.4,22.5
Mean Recall,Poisson-Gaussian,1,0.1914808717,0.4,22.5
Mean Recall,Poisson-Gaussian,2,0.1903404125,0.4,22.5
Mean Recall,Poisson-Gaussian,3,0.1940967923,0.4,22.5
Mean Recall,Poisson-Gaussian,4,0.1901907268,0.4,22.5
Mean Recall,Poisson-Gaussian,0,0.396847337,0.2,2.5
Mean Recall,Poisson-Gaussian,1,0.3986050274,0.2,2.5
Mean Recall,Poisson-Gaussian,2,0.3979724934,0.2,2.5
Mean Recall,Poisson-Gaussian,3,0.3946038849,0.2,2.5
Mean Recall,Poisson-Gaussian,4,0.3992030487,0.2,2.5
Mean Recall,Poisson-Gaussian,0,0.3508814754,0.2,5.0
Mean Recall,Poisson-Gaussian,1,0.3545950028,0.2,5.0
Mean Recall,Poisson-Gaussian,2,0.3498786103,0.2,5.0
Mean Recall,Poisson-Gaussian,3,0.3532445053,0.2,5.0
Mean Recall,Poisson-Gaussian,4,0.3518379553,0.2,5.0
Mean Recall,Poisson-Gaussian,0,0.2151003613,0.2,10.0
Mean Recall,Poisson-Gaussian,1,0.2187522229,0.2,10.0
Mean Recall,Poisson-Gaussian,2,0.2221397722,0.2,10.0
Mean Recall,Poisson-Gaussian,3,0.2211590643,0.2,10.0
Mean Recall,Poisson-Gaussian,4,0.2230815087,0.2,10.0
Mean Recall,Poisson-Gaussian,0,0.10500712,0.2,15.0
Mean Recall,Poisson-Gaussian,1,0.1069368839,0.2,15.0
Mean Recall,Poisson-Gaussian,2,0.1040732211,0.2,15.0
Mean Recall,Poisson-Gaussian,3,0.1050895863,0.2,15.0
Mean Recall,Poisson-Gaussian,4,0.1054915804,0.2,15.0
Mean Recall,Poisson-Gaussian,0,0.0936075236,0.2,22.5
Mean Recall,Poisson-Gaussian,1,0.0898700933,0.2,22.5
Mean Recall,Poisson-Gaussian,2,0.0912124354,0.2,22.5
Mean Recall,Poisson-Gaussian,3,0.0940931642,0.2,22.5
Mean Recall,Poisson-Gaussian,4,0.0890486186,0.2,22.5
Mean Recall,Poisson-Gaussian,0,0.2618159024,0.1,2.5
Mean Recall,Poisson-Gaussian,1,0.260599248,0.1,2.5
Mean Recall,Poisson-Gaussian,2,0.2624668731,0.1,2.5
Mean Recall,Poisson-Gaussian,3,0.2633750168,0.1,2.5
Mean Recall,Poisson-Gaussian,4,0.2636536143,0.1,2.5
Mean Recall,Poisson-Gaussian,0,0.1666739436,0.1,5.0
Mean Recall,Poisson-Gaussian,1,0.1678976265,0.1,5.0
Mean Recall,Poisson-Gaussian,2,0.1679737857,0.1,5.0
Mean Recall,Poisson-Gaussian,3,0.1673539853,0.1,5.0
Mean Recall,Poisson-Gaussian,4,0.1673455608,0.1,5.0
Mean Recall,Poisson-Gaussian,0,0.1217306534,0.1,10.0
Mean Recall,Poisson-Gaussian,1,0.1215249643,0.1,10.0
Mean Recall,Poisson-Gaussian,2,0.1228011633,0.1,10.0
Mean Recall,Poisson-Gaussian,3,0.1231042185,0.1,10.0
Mean Recall,Poisson-Gaussian,4,0.1235813443,0.1,10.0
Mean Recall,Poisson-Gaussian,0,0.0226708739,0.1,15.0
Mean Recall,Poisson-Gaussian,1,0.0224216096,0.1,15.0
Mean Recall,Poisson-Gaussian,2,0.0222392854,0.1,15.0
Mean Recall,Poisson-Gaussian,3,0.0220376461,0.1,15.0
Mean Recall,Poisson-Gaussian,4,0.0224889624,0.1,15.0
Mean Recall,Poisson-Gaussian,0,0.0029360758,0.1,22.5
Mean Recall,Poisson-Gaussian,1,0.0033454556,0.1,22.5
Mean Recall,Poisson-Gaussian,2,0.0025066959,0.1,22.5
Mean Recall,Poisson-Gaussian,3,0.0026479866,0.1,22.5
Mean Recall,Poisson-Gaussian,4,0.0025555989,0.1,22.5
mAP@0.50,Poisson-Gaussian,0,0.5278879161,0.8,2.5
mAP@0.50,Poisson-Gaussian,1,0.5285736835,0.8,2.5
mAP@0.50,Poisson-Gaussian,2,0.5282568795,0.8,2.5
mAP@0.50,Poisson-Gaussian,3,0.5300122764,0.8,2.5
mAP@0.50,Poisson-Gaussian,4,0.5276341311,0.8,2.5
mAP@0.50,Poisson-Gaussian,0,0.5203246142,0.8,5.0
mAP@0.50,Poisson-Gaussian,1,0.5215714618,0.8,5.0
mAP@0.50,Poisson-Gaussian,2,0.5214077459,0.8,5.0
mAP@0.50,Poisson-Gaussian,3,0.5226189111,0.8,5.0
mAP@0.50,Poisson-Gaussian,4,0.5214149936,0.8,5.0
mAP@0.50,Poisson-Gaussian,0,0.4935284722,0.8,10.0
mAP@0.50,Poisson-Gaussian,1,0.4952568257,0.8,10.0
mAP@0.50,Poisson-Gaussian,2,0.4939170463,0.8,10.0
mAP@0.50,Poisson-Gaussian,3,0.4927396713,0.8,10.0
mAP@0.50,Poisson-Gaussian,4,0.492756655,0.8,10.0
mAP@0.50,Poisson-Gaussian,0,0.4577824213,0.8,15.0
mAP@0.50,Poisson-Gaussian,1,0.4575747223,0.8,15.0
mAP@0.50,Poisson-Gaussian,2,0.4597118839,0.8,15.0
mAP@0.50,Poisson-Gaussian,3,0.4568758031,0.8,15.0
mAP@0.50,Poisson-Gaussian,4,0.4582847387,0.8,15.0
mAP@0.50,Poisson-Gaussian,0,0.3908622386,0.8,22.5
mAP@0.50,Poisson-Gaussian,1,0.3882906023,0.8,22.5
mAP@0.50,Poisson-Gaussian,2,0.3903437305,0.8,22.5
mAP@0.50,Poisson-Gaussian,3,0.3893382536,0.8,22.5
mAP@0.50,Poisson-Gaussian,4,0.3904650988,0.8,22.5
mAP@0.50,Poisson-Gaussian,0,0.5174741144,0.6,2.5
mAP@0.50,Poisson-Gaussian,1,0.5185299624,0.6,2.5
mAP@0.50,Poisson-Gaussian,2,0.5161143118,0.6,2.5
mAP@0.50,Poisson-Gaussian,3,0.5171749447,0.6,2.5
mAP@0.50,Poisson-Gaussian,4,0.5180901974,0.6,2.5
mAP@0.50,Poisson-Gaussian,0,0.5073415174,0.6,5.0
mAP@0.50,Poisson-Gaussian,1,0.5044929099,0.6,5.0
mAP@0.50,Poisson-Gaussian,2,0.5041622233,0.6,5.0
mAP@0.50,Poisson-Gaussian,3,0.5045568095,0.6,5.0
mAP@0.50,Poisson-Gaussian,4,0.5053439346,0.6,5.0
mAP@0.50,Poisson-Gaussian,0,0.466617973,0.6,10.0
mAP@0.50,Poisson-Gaussian,1,0.4673396599,0.6,10.0
mAP@0.50,Poisson-Gaussian,2,0.4668391912,0.6,10.0
mAP@0.50,Poisson-Gaussian,3,0.4662186864,0.6,10.0
mAP@0.50,Poisson-Gaussian,4,0.4655347587,0.6,10.0
mAP@0.50,Poisson-Gaussian,0,0.4112078077,0.6,15.0
mAP@0.50,Poisson-Gaussian,1,0.4136917289,0.6,15.0
mAP@0.50,Poisson-Gaussian,2,0.4134588143,0.6,15.0
mAP@0.50,Poisson-Gaussian,3,0.4133502881,0.6,15.0
mAP@0.50,Poisson-Gaussian,4,0.4135670147,0.6,15.0
mAP@0.50,Poisson-Gaussian,0,0.3158481994,0.6,22.5
mAP@0.50,Poisson-Gaussian,1,0.3164395357,0.6,22.5
mAP@0.50,Poisson-Gaussian,2,0.3179730383,0.6,22.5
mAP@0.50,Poisson-Gaussian,3,0.3173353778,0.6,22.5
mAP@0.50,Poisson-Gaussian,4,0.3160061132,0.6,22.5
mAP@0.50,Poisson-Gaussian,0,0.4955795155,0.4,2.5
mAP@0.50,Poisson-Gaussian,1,0.4948780779,0.4,2.5
mAP@0.50,Poisson-Gaussian,2,0.4940914972,0.4,2.5
mAP@0.50,Poisson-Gaussian,3,0.4942969396,0.4,2.5
mAP@0.50,Poisson-Gaussian,4,0.4935621268,0.4,2.5
mAP@0.50,Poisson-Gaussian,0,0.4736948303,0.4,5.0
mAP@0.50,Poisson-Gaussian,1,0.4719850948,0.4,5.0
mAP@0.50,Poisson-Gaussian,2,0.4728568864,0.4,5.0
mAP@0.50,Poisson-Gaussian,3,0.471570533,0.4,5.0
mAP@0.50,Poisson-Gaussian,4,0.4742040832,0.4,5.0
mAP@0.50,Poisson-Gaussian,0,0.4031813013,0.4,10.0
mAP@0.50,Poisson-Gaussian,1,0.4037457122,0.4,10.0
mAP@0.50,Poisson-Gaussian,2,0.4066498005,0.4,10.0
mAP@0.50,Poisson-Gaussian,3,0.4051633115,0.4,10.0
mAP@0.50,Poisson-Gaussian,4,0.4059268598,0.4,10.0
mAP@0.50,Poisson-Gaussian,0,0.3159192836,0.4,15.0
mAP@0.50,Poisson-Gaussian,1,0.3163380619,0.4,15.0
mAP@0.50,Poisson-Gaussian,2,0.3164666847,0.4,15.0
mAP@0.50,Poisson-Gaussian,3,0.3165804558,0.4,15.0
mAP@0.50,Poisson-Gaussian,4,0.3167234938,0.4,15.0
mAP@0.50,Poisson-Gaussian,0,0.1869627537,0.4,22.5
mAP@0.50,Poisson-Gaussian,1,0.1879068078,0.4,22.5
mAP@0.50,Poisson-Gaussian,2,0.1878218834,0.4,22.5
mAP@0.50,Poisson-Gaussian,3,0.1883934724,0.4,22.5
mAP@0.50,Poisson-Gaussian,4,0.1888707459,0.4,22.5
mAP@0.50,Poisson-Gaussian,0,0.4282176354,0.2,2.5
mAP@0.50,Poisson-Gaussian,1,0.4292313069,0.2,2.5
mAP@0.50,Poisson-Gaussian,2,0.427815581,0.2,2.5
mAP@0.50,Poisson-Gaussian,3,0.4271813883,0.2,2.5
mAP@0.50,Poisson-Gaussian,4,0.4265645148,0.2,2.5
mAP@0.50,Poisson-Gaussian,0,0.3735349553,0.2,5.0
mAP@0.50,Poisson-Gaussian,1,0.3742969044,0.2,5.0
mAP@0.50,Poisson-Gaussian,2,0.3723086126,0.2,5.0
mAP@0.50,Poisson-Gaussian,3,0.3748061693,0.2,5.0
mAP@0.50,Poisson-Gaussian,4,0.3749573766,0.2,5.0
mAP@0.50,Poisson-Gaussian,0,0.2239754336,0.2,10.0
mAP@0.50,Poisson-Gaussian,1,0.2248695187,0.2,10.0
mAP@0.50,Poisson-Gaussian,2,0.2266961994,0.2,10.0
mAP@0.50,Poisson-Gaussian,3,0.2256710329,0.2,10.0
mAP@0.50,Poisson-Gaussian,4,0.2255413902,0.2,10.0
mAP@0.50,Poisson-Gaussian,0,0.1071116472,0.2,15.0
mAP@0.50,Poisson-Gaussian,1,0.1075175763,0.2,15.0
mAP@0.50,Poisson-Gaussian,2,0.107643162,0.2,15.0
mAP@0.50,Poisson-Gaussian,3,0.1072865228,0.2,15.0
mAP@0.50,Poisson-Gaussian,4,0.1050799504,0.2,15.0
mAP@0.50,Poisson-Gaussian,0,0.0338773904,0.2,22.5
mAP@0.50,Poisson-Gaussian,1,0.0328801084,0.2,22.5
mAP@0.50,Poisson-Gaussian,2,0.0336959986,0.2,22.5
mAP@0.50,Poisson-Gaussian,3,0.0332928692,0.2,22.5
mAP@0.50,Poisson-Gaussian,4,0.0340757108,0.2,22.5
mAP@0.50,Poisson-Gaussian,0,0.2743934563,0.1,2.5
mAP@0.50,Poisson-Gaussian,1,0.2752500844,0.1,2.5
mAP@0.50,Poisson-Gaussian,2,0.2781653642,0.1,2.5
mAP@0.50,Poisson-Gaussian,3,0.2778176842,0.1,2.5
mAP@0.50,Poisson-Gaussian,4,0.2753895193,0.1,2.5
mAP@0.50,Poisson-Gaussian,0,0.1744265067,0.1,5.0
mAP@0.50,Poisson-Gaussian,1,0.1747429085,0.1,5.0
mAP@0.50,Poisson-Gaussian,2,0.1730737805,0.1,5.0
mAP@0.50,Poisson-Gaussian,3,0.1726502793,0.1,5.0
mAP@0.50,Poisson-Gaussian,4,0.1751489444,0.1,5.0
mAP@0.50,Poisson-Gaussian,0,0.0467470821,0.1,10.0
mAP@0.50,Poisson-Gaussian,1,0.0451241107,0.1,10.0
mAP@0.50,Poisson-Gaussian,2,0.0468050373,0.1,10.0
mAP@0.50,Poisson-Gaussian,3,0.044647736,0.1,10.0
mAP@0.50,Poisson-Gaussian,4,0.0463829482,0.1,10.0
mAP@0.50,Poisson-Gaussian,0,0.018355931,0.1,15.0
mAP@0.50,Poisson-Gaussian,1,0.0187930954,0.1,15.0
mAP@0.50,Poisson-Gaussian,2,0.0181661459,0.1,15.0
mAP@0.50,Poisson-Gaussian,3,0.0199518982,0.1,15.0
mAP@0.50,Poisson-Gaussian,4,0.0190060759,0.1,15.0
mAP@0.50,Poisson-Gaussian,0,0.0075701998,0.1,22.5
mAP@0.50,Poisson-Gaussian,1,0.0066946096,0.1,22.5
mAP@0.50,Poisson-Gaussian,2,0.0080109189,0.1,22.5
mAP@0.50,Poisson-Gaussian,3,0.0062779624,0.1,22.5
mAP@0.50,Poisson-Gaussian,4,0.0055328096,0.1,22.5
mAP@0.75,Poisson-Gaussian,0,0.3902188402,0.8,2.5
mAP@0.75,Poisson-Gaussian,1,0.3873902893,0.8,2.5
mAP@0.75,Poisson-Gaussian,2,0.387540612,0.8,2.5
mAP@0.75,Poisson-Gaussian,3,0.3889649164,0.8,2.5
mAP@0.75,Poisson-Gaussian,4,0.3862083665,0.8,2.5
mAP@0.75,Poisson-Gaussian,0,0.3804905249,0.8,5.0
mAP@0.75,Poisson-Gaussian,1,0.3846176069,0.8,5.0
mAP@0.75,Poisson-Gaussian,2,0.382197136,0.8,5.0
mAP@0.75,Poisson-Gaussian,3,0.3808338788,0.8,5.0
mAP@0.75,Poisson-Gaussian,4,0.3806151924,0.8,5.0
mAP@0.75,Poisson-Gaussian,0,0.3564438351,0.8,10.0
mAP@0.75,Poisson-Gaussian,1,0.3570353098,0.8,10.0
mAP@0.75,Poisson-Gaussian,2,0.3572174047,0.8,10.0
mAP@0.75,Poisson-Gaussian,3,0.3589509249,0.8,10.0
mAP@0.75,Poisson-Gaussian,4,0.3575226936,0.8,10.0
mAP@0.75,Poisson-Gaussian,0,0.3290528516,0.8,15.0
mAP@0.75,Poisson-Gaussian,1,0.3275904242,0.8,15.0
mAP@0.75,Poisson-Gaussian,2,0.3252772348,0.8,15.0
mAP@0.75,Poisson-Gaussian,3,0.3239678284,0.8,15.0
mAP@0.75,Poisson-Gaussian,4,0.3268855053,0.8,15.0
mAP@0.75,Poisson-Gaussian,0,0.2684421557,0.8,22.5
mAP@0.75,Poisson-Gaussian,1,0.2675935298,0.8,22.5
mAP@0.75,Poisson-Gaussian,2,0.2709635423,0.8,22.5
mAP@0.75,Poisson-Gaussian,3,0.2687917862,0.8,22.5
mAP@0.75,Poisson-Gaussian,4,0.269031535,0.8,22.5
mAP@0.75,Poisson-Gaussian,0,0.3749791258,0.6,2.5
mAP@0.75,Poisson-Gaussian,1,0.3808643526,0.6,2.5
mAP@0.75,Poisson-Gaussian,2,0.3789514761,0.6,2.5
mAP@0.75,Poisson-Gaussian,3,0.3786796643,0.6,2.5
mAP@0.75,Poisson-Gaussian,4,0.3801424775,0.6,2.5
mAP@0.75,Poisson-Gaussian,0,0.3669657997,0.6,5.0
mAP@0.75,Poisson-Gaussian,1,0.3692307916,0.6,5.0
mAP@0.75,Poisson-Gaussian,2,0.365994391,0.6,5.0
mAP@0.75,Poisson-Gaussian,3,0.3703455207,0.6,5.0
mAP@0.75,Poisson-Gaussian,4,0.3687339961,0.6,5.0
mAP@0.75,Poisson-Gaussian,0,0.3334211181,0.6,10.0
mAP@0.75,Poisson-Gaussian,1,0.3335216837,0.6,10.0
mAP@0.75,Poisson-Gaussian,2,0.3350500932,0.6,10.0
mAP@0.75,Poisson-Gaussian,3,0.3333417596,0.6,10.0
mAP@0.75,Poisson-Gaussian,4,0.333835455,0.6,10.0
mAP@0.75,Poisson-Gaussian,0,0.2875694852,0.6,15.0
mAP@0.75,Poisson-Gaussian,1,0.2896378429,0.6,15.0
mAP@0.75,Poisson-Gaussian,2,0.2900745511,0.6,15.0
mAP@0.75,Poisson-Gaussian,3,0.2882019789,0.6,15.0
mAP@0.75,Poisson-Gaussian,4,0.2890393618,0.6,15.0
mAP@0.75,Poisson-Gaussian,0,0.2132966925,0.6,22.5
mAP@0.75,Poisson-Gaussian,1,0.2144959898,0.6,22.5
mAP@0.75,Poisson-Gaussian,2,0.2145581037,0.6,22.5
mAP@0.75,Poisson-Gaussian,3,0.2128846667,0.6,22.5
mAP@0.75,Poisson-Gaussian,4,0.2124374622,0.6,22.5
mAP@0.75,Poisson-Gaussian,0,0.3609067133,0.4,2.5
mAP@0.75,Poisson-Gaussian,1,0.3627236952,0.4,2.5
mAP@0.75,Poisson-Gaussian,2,0.3580097649,0.4,2.5
mAP@0.75,Poisson-Gaussian,3,0.362028049,0.4,2.5
mAP@0.75,Poisson-Gaussian,4,0.3634788266,0.4,2.5
mAP@0.75,Poisson-Gaussian,0,0.3408685854,0.4,5.0
mAP@0.75,Poisson-Gaussian,1,0.3414918771,0.4,5.0
mAP@0.75,Poisson-Gaussian,2,0.3414454792,0.4,5.0
mAP@0.75,Poisson-Gaussian,3,0.3445460977,0.4,5.0
mAP@0.75,Poisson-Gaussian,4,0.345498746,0.4,5.0
mAP@0.75,Poisson-Gaussian,0,0.2813405392,0.4,10.0
mAP@0.75,Poisson-Gaussian,1,0.2805466786,0.4,10.0
mAP@0.75,Poisson-Gaussian,2,0.2836517216,0.4,10.0
mAP@0.75,Poisson-Gaussian,3,0.2830191378,0.4,10.0
mAP@0.75,Poisson-Gaussian,4,0.2857743677,0.4,10.0
mAP@0.75,Poisson-Gaussian,0,0.2132489755,0.4,15.0
mAP@0.75,Poisson-Gaussian,1,0.2149206102,0.4,15.0
mAP@0.75,Poisson-Gaussian,2,0.2156552218,0.4,15.0
mAP@0.75,Poisson-Gaussian,3,0.2144257752,0.4,15.0
mAP@0.75,Poisson-Gaussian,4,0.2127465468,0.4,15.0
mAP@0.75,Poisson-Gaussian,0,0.1208371634,0.4,22.5
mAP@0.75,Poisson-Gaussian,1,0.1194229689,0.4,22.5
mAP@0.75,Poisson-Gaussian,2,0.1204436987,0.4,22.5
mAP@0.75,Poisson-Gaussian,3,0.1217572469,0.4,22.5
mAP@0.75,Poisson-Gaussian,4,0.1207630295,0.4,22.5
mAP@0.75,Poisson-Gaussian,0,0.3035235151,0.2,2.5
mAP@0.75,Poisson-Gaussian,1,0.3028151841,0.2,2.5
mAP@0.75,Poisson-Gaussian,2,0.3040657242,0.2,2.5
mAP@0.75,Poisson-Gaussian,3,0.3024549994,0.2,2.5
mAP@0.75,Poisson-Gaussian,4,0.3038324298,0.2,2.5
mAP@0.75,Poisson-Gaussian,0,0.2580825606,0.2,5.0
mAP@0.75,Poisson-Gaussian,1,0.2573867471,0.2,5.0
mAP@0.75,Poisson-Gaussian,2,0.2580357198,0.2,5.0
mAP@0.75,Poisson-Gaussian,3,0.2598453,0.2,5.0
mAP@0.75,Poisson-Gaussian,4,0.2591297199,0.2,5.0
mAP@0.75,Poisson-Gaussian,0,0.146952255,0.2,10.0
mAP@0.75,Poisson-Gaussian,1,0.1491602776,0.2,10.0
mAP@0.75,Poisson-Gaussian,2,0.1506918586,0.2,10.0
mAP@0.75,Poisson-Gaussian,3,0.1484689722,0.2,10.0
mAP@0.75,Poisson-Gaussian,4,0.1497444228,0.2,10.0
mAP@0.75,Poisson-Gaussian,0,0.0662726704,0.2,15.0
mAP@0.75,Poisson-Gaussian,1,0.0667095891,0.2,15.0
mAP@0.75,Poisson-Gaussian,2,0.0662480698,0.2,15.0
mAP@0.75,Poisson-Gaussian,3,0.0651939481,0.2,15.0
mAP@0.75,Poisson-Gaussian,4,0.0643085047,0.2,15.0
mAP@0.75,Poisson-Gaussian,0,0.0210294077,0.2,22.5
mAP@0.75,Poisson-Gaussian,1,0.0217681322,0.2,22.5
mAP@0.75,Poisson-Gaussian,2,0.0215419547,0.2,22.5
mAP@0.75,Poisson-Gaussian,3,0.0208626767,0.2,22.5
mAP@0.75,Poisson-Gaussian,4,0.0210885614,0.2,22.5
mAP@0.75,Poisson-Gaussian,0,0.1858636813,0.1,2.5
mAP@0.75,Poisson-Gaussian,1,0.1884075175,0.1,2.5
mAP@0.75,Poisson-Gaussian,2,0.187798286,0.1,2.5
mAP@0.75,Poisson-Gaussian,3,0.1881393292,0.1,2.5
mAP@0.75,Poisson-Gaussian,4,0.1856071609,0.1,2.5
mAP@0.75,Poisson-Gaussian,0,0.1138823992,0.1,5.0
mAP@0.75,Poisson-Gaussian,1,0.1155515876,0.1,5.0
mAP@0.75,Poisson-Gaussian,2,0.1141438492,0.1,5.0
mAP@0.75,Poisson-Gaussian,3,0.1136290882,0.1,5.0
mAP@0.75,Poisson-Gaussian,4,0.1141558556,0.1,5.0
mAP@0.75,Poisson-Gaussian,0,0.0293164719,0.1,10.0
mAP@0.75,Poisson-Gaussian,1,0.0279912678,0.1,10.0
mAP@0.75,Poisson-Gaussian,2,0.029383792,0.1,10.0
mAP@0.75,Poisson-Gaussian,3,0.0283891879,0.1,10.0
mAP@0.75,Poisson-Gaussian,4,0.0287058537,0.1,10.0
mAP@0.75,Poisson-Gaussian,0,0.0117819435,0.1,15.0
mAP@0.75,Poisson-Gaussian,1,0.014055866,0.1,15.0
mAP@0.75,Poisson-Gaussian,2,0.0123451118,0.1,15.0
mAP@0.75,Poisson-Gaussian,3,0.0154996194,0.1,15.0
mAP@0.75,Poisson-Gaussian,4,0.0135297118,0.1,15.0
mAP@0.75,Poisson-Gaussian,0,0.0068706388,0.1,22.5
mAP@0.75,Poisson-Gaussian,1,0.0060626174,0.1,22.5
mAP@0.75,Poisson-Gaussian,2,0.0073037482,0.1,22.5
mAP@0.75,Poisson-Gaussian,3,0.005572385,0.1,22.5
mAP@0.75,Poisson-Gaussian,4,0.0049446096,0.1,22.5
mAP@0.5:0.95,Poisson-Gaussian,0,0.3661386106,0.8,2.5
mAP@0.5:0.95,Poisson-Gaussian,1,0.366851827,0.8,2.5
mAP@0.5:0.95,Poisson-Gaussian,2,0.3664409973,0.8,2.5
mAP@0.5:0.95,Poisson-Gaussian,3,0.3676156561,0.8,2.5
mAP@0.5:0.95,Poisson-Gaussian,4,0.3652781396,0.8,2.5
mAP@0.5:0.95,Poisson-Gaussian,0,0.3598011851,0.8,5.0
mAP@0.5:0.95,Poisson-Gaussian,1,0.3610909984,0.8,5.0
mAP@0.5:0.95,Poisson-Gaussian,2,0.3606441066,0.8,5.0
mAP@0.5:0.95,Poisson-Gaussian,3,0.3610218929,0.8,5.0
mAP@0.5:0.95,Poisson-Gaussian,4,0.3610601993,0.8,5.0
mAP@0.5:0.95,Poisson-Gaussian,0,0.3375502032,0.8,10.0
mAP@0.5:0.95,Poisson-Gaussian,1,0.3385606013,0.8,10.0
mAP@0.5:0.95,Poisson-Gaussian,2,0.3388146182,0.8,10.0
mAP@0.5:0.95,Poisson-Gaussian,3,0.3383732443,0.8,10.0
mAP@0.5:0.95,Poisson-Gaussian,4,0.3385491717,0.8,10.0
mAP@0.5:0.95,Poisson-Gaussian,0,0.3117996792,0.8,15.0
mAP@0.5:0.95,Poisson-Gaussian,1,0.3099317807,0.8,15.0
mAP@0.5:0.95,Poisson-Gaussian,2,0.3104323909,0.8,15.0
mAP@0.5:0.95,Poisson-Gaussian,3,0.3090938089,0.8,15.0
mAP@0.5:0.95,Poisson-Gaussian,4,0.3109134576,0.8,15.0
mAP@0.5:0.95,Poisson-Gaussian,0,0.2589933311,0.8,22.5
mAP@0.5:0.95,Poisson-Gaussian,1,0.2565786828,0.8,22.5
mAP@0.5:0.95,Poisson-Gaussian,2,0.2590969673,0.8,22.5
mAP@0.5:0.95,Poisson-Gaussian,3,0.25758112,0.8,22.5
mAP@0.5:0.95,Poisson-Gaussian,4,0.2584749604,0.8,22.5
mAP@0.5:0.95,Poisson-Gaussian,0,0.3570401577,0.6,2.5
mAP@0.5:0.95,Poisson-Gaussian,1,0.3592114438,0.6,2.5
mAP@0.5:0.95,Poisson-Gaussian,2,0.3573919737,0.6,2.5
mAP@0.5:0.95,Poisson-Gaussian,3,0.3573438657,0.6,2.5
mAP@0.5:0.95,Poisson-Gaussian,4,0.358139961,0.6,2.5
mAP@0.5:0.95,Poisson-Gaussian,0,0.3489113693,0.6,5.0
mAP@0.5:0.95,Poisson-Gaussian,1,0.3483145335,0.6,5.0
mAP@0.5:0.95,Poisson-Gaussian,2,0.3471426417,0.6,5.0
mAP@0.5:0.95,Poisson-Gaussian,3,0.3487128259,0.6,5.0
mAP@0.5:0.95,Poisson-Gaussian,4,0.3486891014,0.6,5.0
mAP@0.5:0.95,Poisson-Gaussian,0,0.317408474,0.6,10.0
mAP@0.5:0.95,Poisson-Gaussian,1,0.318243571,0.6,10.0
mAP@0.5:0.95,Poisson-Gaussian,2,0.3170463125,0.6,10.0
mAP@0.5:0.95,Poisson-Gaussian,3,0.316590933,0.6,10.0
mAP@0.5:0.95,Poisson-Gaussian,4,0.316848,0.6,10.0
mAP@0.5:0.95,Poisson-Gaussian,0,0.2746171522,0.6,15.0
mAP@0.5:0.95,Poisson-Gaussian,1,0.2768519385,0.6,15.0
mAP@0.5:0.95,Poisson-Gaussian,2,0.2762723331,0.6,15.0
mAP@0.5:0.95,Poisson-Gaussian,3,0.2763750834,0.6,15.0
mAP@0.5:0.95,Poisson-Gaussian,4,0.2760525815,0.6,15.0
mAP@0.5:0.95,Poisson-Gaussian,0,0.2053397935,0.6,22.5
mAP@0.5:0.95,Poisson-Gaussian,1,0.2058443093,0.6,22.5
mAP@0.5:0.95,Poisson-Gaussian,2,0.2063479917,0.6,22.5
mAP@0.5:0.95,Poisson-Gaussian,3,0.2058737934,0.6,22.5
mAP@0.5:0.95,Poisson-Gaussian,4,0.2042537277,0.6,22.5
mAP@0.5:0.95,Poisson-Gaussian,0,0.3407396123,0.4,2.5
mAP@0.5:0.95,Poisson-Gaussian,1,0.3415237373,0.4,2.5
mAP@0.5:0.95,Poisson-Gaussian,2,0.3402503429,0.4,2.5
mAP@0.5:0.95,Poisson-Gaussian,3,0.340899037,0.4,2.5
mAP@0.5:0.95,Poisson-Gaussian,4,0.3403994331,0.4,2.5
mAP@0.5:0.95,Poisson-Gaussian,0,0.3242871397,0.4,5.0
mAP@0.5:0.95,Poisson-Gaussian,1,0.3237893614,0.4,5.0
mAP@0.5:0.95,Poisson-Gaussian,2,0.3240300909,0.4,5.0
mAP@0.5:0.95,Poisson-Gaussian,3,0.3237733699,0.4,5.0
mAP@0.5:0.95,Poisson-Gaussian,4,0.3250907339,0.4,5.0
mAP@0.5:0.95,Poisson-Gaussian,0,0.2698728664,0.4,10.0
mAP@0.5:0.95,Poisson-Gaussian,1,0.2698509053,0.4,10.0
mAP@0.5:0.95,Poisson-Gaussian,2,0.2716816454,0.4,10.0
mAP@0.5:0.95,Poisson-Gaussian,3,0.2714046741,0.4,10.0
mAP@0.5:0.95,Poisson-Gaussian,4,0.2722563741,0.4,10.0
mAP@0.5:0.95,Poisson-Gaussian,0,0.2054291207,0.4,15.0
mAP@0.5:0.95,Poisson-Gaussian,1,0.205902915,0.4,15.0
mAP@0.5:0.95,Poisson-Gaussian,2,0.2072363854,0.4,15.0
mAP@0.5:0.95,Poisson-Gaussian,3,0.2057268399,0.4,15.0
mAP@0.5:0.95,Poisson-Gaussian,4,0.2059113225,0.4,15.0
mAP@0.5:0.95,Poisson-Gaussian,0,0.1170217916,0.4,22.5
mAP@0.5:0.95,Poisson-Gaussian,1,0.1165001659,0.4,22.5
mAP@0.5:0.95,Poisson-Gaussian,2,0.1172499038,0.4,22.5
mAP@0.5:0.95,Poisson-Gaussian,3,0.1180121165,0.4,22.5
mAP@0.5:0.95,Poisson-Gaussian,4,0.1176893282,0.4,22.5
mAP@0.5:0.95,Poisson-Gaussian,0,0.2898080387,0.2,2.5
mAP@0.5:0.95,Poisson-Gaussian,1,0.2902829875,0.2,2.5
mAP@0.5:0.95,Poisson-Gaussian,2,0.2900947568,0.2,2.5
mAP@0.5:0.95,Poisson-Gaussian,3,0.288728254,0.2,2.5
mAP@0.5:0.95,Poisson-Gaussian,4,0.2889518813,0.2,2.5
mAP@0.5:0.95,Poisson-Gaussian,0,0.2475247961,0.2,5.0
mAP@0.5:0.95,Poisson-Gaussian,1,0.2475913833,0.2,5.0
mAP@0.5:0.95,Poisson-Gaussian,2,0.247381791,0.2,5.0
mAP@0.5:0.95,Poisson-Gaussian,3,0.2490618024,0.2,5.0
mAP@0.5:0.95,Poisson-Gaussian,4,0.2486926564,0.2,5.0
mAP@0.5:0.95,Poisson-Gaussian,0,0.1423828733,0.2,10.0
mAP@0.5:0.95,Poisson-Gaussian,1,0.1432269716,0.2,10.0
mAP@0.5:0.95,Poisson-Gaussian,2,0.1446546943,0.2,10.0
mAP@0.5:0.95,Poisson-Gaussian,3,0.143787879,0.2,10.0
mAP@0.5:0.95,Poisson-Gaussian,4,0.1440164138,0.2,10.0
mAP@0.5:0.95,Poisson-Gaussian,0,0.0655959529,0.2,15.0
mAP@0.5:0.95,Poisson-Gaussian,1,0.0659302526,0.2,15.0
mAP@0.5:0.95,Poisson-Gaussian,2,0.0656354928,0.2,15.0
mAP@0.5:0.95,Poisson-Gaussian,3,0.0652561314,0.2,15.0
mAP@0.5:0.95,Poisson-Gaussian,4,0.0637585162,0.2,15.0
mAP@0.5:0.95,Poisson-Gaussian,0,0.0207223042,0.2,22.5
mAP@0.5:0.95,Poisson-Gaussian,1,0.0206769309,0.2,22.5
mAP@0.5:0.95,Poisson-Gaussian,2,0.0210558455,0.2,22.5
mAP@0.5:0.95,Poisson-Gaussian,3,0.0204977983,0.2,22.5
mAP@0.5:0.95,Poisson-Gaussian,4,0.0209210773,0.2,22.5
mAP@0.5:0.95,Poisson-Gaussian,0,0.1787716667,0.1,2.5
mAP@0.5:0.95,Poisson-Gaussian,1,0.1800124983,0.1,2.5
mAP@0.5:0.95,Poisson-Gaussian,2,0.1810111636,0.1,2.5
mAP@0.5:0.95,Poisson-Gaussian,3,0.1807230642,0.1,2.5
mAP@0.5:0.95,Poisson-Gaussian,4,0.1800778437,0.1,2.5
mAP@0.5:0.95,Poisson-Gaussian,0,0.111213712,0.1,5.0
mAP@0.5:0.95,Poisson-Gaussian,1,0.1113777207,0.1,5.0
mAP@0.5:0.95,Poisson-Gaussian,2,0.1099728379,0.1,5.0
mAP@0.5:0.95,Poisson-Gaussian,3,0.1096148568,0.1,5.0
mAP@0.5:0.95,Poisson-Gaussian,4,0.110935423,0.1,5.0
mAP@0.5:0.95,Poisson-Gaussian,0,0.0288477427,0.1,10.0
mAP@0.5:0.95,Poisson-Gaussian,1,0.0281888445,0.1,10.0
mAP@0.5:0.95,Poisson-Gaussian,2,0.0289413408,0.1,10.0
mAP@0.5:0.95,Poisson-Gaussian,3,0.027765204,0.1,10.0
mAP@0.5:0.95,Poisson-Gaussian,4,0.0284616624,0.1,10.0
mAP@0.5:0.95,Poisson-Gaussian,0,0.0120403685,0.1,15.0
mAP@0.5:0.95,Poisson-Gaussian,1,0.0127926905,0.1,15.0
mAP@0.5:0.95,Poisson-Gaussian,2,0.0111305164,0.1,15.0
mAP@0.5:0.95,Poisson-Gaussian,3,0.013560741,0.1,15.0
mAP@0.5:0.95,Poisson-Gaussian,4,0.0126621648,0.1,15.0
mAP@0.5:0.95,Poisson-Gaussian,0,0.006518086,0.1,22.5
mAP@0.5:0.95,Poisson-Gaussian,1,0.005687393,0.1,22.5
mAP@0.5:0.95,Poisson-Gaussian,2,0.0070350437,0.1,22.5
mAP@0.5:0.95,Poisson-Gaussian,3,0.0052051598,0.1,22.5
mAP@0.5:0.95,Poisson-Gaussian,4,0.0047603893,0.1,22.5
